case_id	arm	causal_gene	causal_in_panel	n_candidates	baseline_rank	full_rank	top1_class	causal_full_class
PMID_10749987_family_A_index	real	SCO2	True	62	1	2	VUS	VUS
PMID_10756346_Patient_B55	real	FBN1	True	61	1	1	LP	LP
PMID_10939567_Patient_EMD5_III_4	real	LMNA	True	61	1	1	LP	LP
PMID_11992252_Patient_5	real	COL6A3	True	61	1	1	VUS	VUS
PMID_15731757_Family_4_II_1	real	TGFBR2	True	61	1	1	VUS	VUS
PMID_15911822_Patient_13	real	PANK2	True	62	1	1	VUS	VUS
PMID_16865293_Family_5_individual_10Y11M	real	ERCC8	True	61	1	1	VUS	VUS
PMID_16865293_Family_6_individual_5Y5M	real	ERCC8	True	61	1	1	VUS	VUS
PMID_16917909_619_2	real	TBX5	True	61	1	1	LP	LP
PMID_17273972_H194Q_Father	real	TBX1	True	61	2	1	VUS	VUS
PMID_18456719_Patient_7	real	BRAF	True	61	2	1	VUS	VUS
PMID_18616706_Case_6	real	AIRE	True	61	3	1	VUS	VUS
PMID_19185281_Family_10_individual_CD1_1	real	SPINT2	True	61	1	1	VUS	VUS
PMID_19185281_Family_9_individual_N1P_1	real	SPINT2	False	62	1	3	VUS	VUS
PMID_19781681_Proband_P2_1	real	PPIB	True	61	1	1	VUS	VUS
PMID_19807739_Patient_1	real	AIRE	True	61	1	1	VUS	VUS
PMID_19830075_Case_presentation	real	RAG1	True	61	1	1	VUS	VUS
PMID_20799361_Patient_2	real	SLC4A1	True	61	3	2	VUS	VUS
PMID_21060763_male_index	real	UMOD	True	61	1	1	VUS	VUS
PMID_21217753_Fam_3_II_4	real	SMAD3	True	61	1	1	VUS	VUS
PMID_21487760_Patient_4	real	PYCR1	True	61	1	1	VUS	VUS
PMID_21683322_AD_Family_27_a	real	FBN1	True	61	1	1	VUS	VUS
PMID_21844578_patient	real	PEX1	True	62	1	1	VUS	VUS
PMID_22258533_FSP1079_Individual_1	real	KIF1A	True	61	1	1	VUS	VUS
PMID_22772371_TAA288_III_8	real	TGFB2	True	61	1	1	VUS	VUS
PMID_23714749_Family_9_patient_13	real	MPV17	True	61	1	1	VUS	VUS
PMID_23923981_Individual_153_101	real	ATP6V1B1	True	61	1	4	VUS	VUS
PMID_24190800_Case_Report	real	MPV17	True	61	4	1	VUS	VUS
PMID_24702427_Patient_2_II_1	real	ZFPM2	True	61	1	1	LP	LP
PMID_24736735_G033	real	GLI3	True	61	1	1	LP	LP
PMID_24998929_Patient_12752_p1	real	CHD8	True	61	1	7	VUS	VUS
PMID_25142838_P3	real	KMT2D	True	61	1	1	VUS	VUS
PMID_25477417_F11_2	real	CLDN16	True	62	1	1	VUS	VUS
PMID_25480986_individual_A_2	real	PNPLA6	True	62	2	1	VUS	VUS
PMID_25480986_individual_D_1	real	PNPLA6	True	62	1	1	VUS	VUS
PMID_25794864_P1	real	ITPR1	True	61	2	1	LP	LP
PMID_25802881_P18	real	GNAS	True	61	1	1	LP	LP
PMID_25802881_P46	real	GNAS	True	61	1	1	LP	LP
PMID_25817016_Individual_30526	real	DVL1	True	61	1	5	VUS	VUS
PMID_25835445_1_III_13	real	TGFB3	True	61	1	1	LP	LP
PMID_25868664_Family_11_Case_7_Gai_2013_case_8	real	FBXL4	True	62	1	1	VUS	VUS
PMID_26178382_UAB_R2135	real	NF1	True	61	3	1	VUS	VUS
PMID_26185144_Family_2_Proband_2	real	COQ4	True	61	1	1	VUS	VUS
PMID_26185144_Family_3_Sibling_of_Proband_3	real	COQ4	True	62	2	1	VUS	VUS
PMID_26421390_a_male_patient	real	ATP13A2	True	61	1	1	VUS	VUS
PMID_26453364_Patient_2	real	ALG9	True	61	1	1	VUS	VUS
PMID_26467218_individual_9_M_Cirstea_et_al_14	real	NRAS	True	61	2	6	VUS	VUS
PMID_26667307_III_4	real	CBS	True	62	2	1	LP	LP
PMID_26805781_Family_1_Subject_1_II_1	real	TANGO2	True	61	1	1	VUS	VUS
PMID_26981933_Family_B_individual_B4	real	IKZF1	False	61	1	3	VUS	VUS
PMID_27040691_Individual_5_1	real	TBCK	True	61	2	1	VUS	VUS
PMID_27132592_Subject_1	real	TRMT10C	True	62	2	1	VUS	VUS
PMID_27153400_Family_B_IV_4	real	CAPN1	True	61	1	1	VUS	VUS
PMID_27672653_Individual_1	real	GCDH	True	62	1	1	VUS	VUS
PMID_27900365_patient	real	NPC1	True	62	4	1	VUS	VUS
PMID_28148688_P1	real	EXTL3	True	61	1	1	VUS	VUS
PMID_28488678_IV_3	real	ITPR1	True	61	1	1	VUS	VUS
PMID_28501893_CII1	real	HSPB8	True	61	1	1	VUS	VUS
PMID_28542676_MEH2_GC20465	real	CLN3	True	61	2	1	VUS	VUS
PMID_28886341_Individual_F5_II_2	real	CDK10	True	61	1	5	VUS	VUS
PMID_28969374_Family_3_LD_1061_0A_Pt4	real	NKX6-2	True	62	1	2	VUS	VUS
PMID_29122497_29122497_P7	real	ISCA2	False	61	1	1	VUS	VUS
PMID_29175559_Patient_5_Zolotushko_2011_V7	real	DHCR24	True	61	2	1	VUS	VUS
PMID_29175559_Patient_8_Dias_2014	real	DHCR24	True	61	2	1	VUS	VUS
PMID_29290338_Family_MAN_R48902G_individual_F	real	NF1	True	61	1	1	LP	LP
PMID_29330883_Subject_6	real	RERE	True	61	1	1	VUS	VUS
PMID_29379197_DECIPHER_264293	real	BRD4	True	61	1	1	LP	LP
PMID_29469822_Family_5_II_4	real	LZTR1	True	62	2	5	VUS	VUS
PMID_29469822_Family_9_II_2	real	LZTR1	True	61	3	1	VUS	VUS
PMID_29706644_proband_III_1	real	TGFBR1	True	61	1	1	VUS	VUS
PMID_29967133_Family_3_III_2	real	SMAD2	True	61	1	1	VUS	VUS
PMID_30053862_Case_II_4	real	TP53RK	True	61	3	5	VUS	VUS
PMID_30057029_Individual_10	real	FBXO11	True	61	1	1	LP	LP
PMID_30057029_Individual_3	real	FBXO11	True	61	1	1	VUS	VUS
PMID_30099644_IV_3	real	PRPF31	True	61	1	1	LP	LP
PMID_30236613_patient	real	SOD1	True	61	1	1	VUS	VUS
PMID_30327448_Patient_2_Family_1	real	EXOC3L2	True	61	1	1	VUS	VUS
PMID_31021519_SATB2_16_from_Zarate_et_al_2018a_Bengani_et_al	real	SATB2	True	61	1	1	LP	LP
PMID_31021519_individual_SATB2_138	real	SATB2	True	61	1	1	LP	LP
PMID_31057532_Family_E_individual_E_II_1	real	IKZF1	False	61	1	1	LP	LP
PMID_31090908_II_3	real	VRK1	True	62	1	1	VUS	VUS
PMID_31239556_individual_33	real	CTCF	True	61	1	1	VUS	VUS
PMID_31337854_Patient_13	real	NIPBL	True	61	1	1	LP	LP
PMID_31337854_Patient_49	real	NIPBL	True	61	1	1	VUS	VUS
PMID_31409799_Family_1_Proband_IV_1	real	TOP2B	True	61	1	1	VUS	VUS
PMID_31548836_Family_B_II1	real	RUNX2	True	61	2	1	VUS	VUS
PMID_31569402_Family_13_Patient_I	real	TGFBR2	True	61	1	3	VUS	VUS
PMID_31643139_Patient_1	real	SETD2	True	61	1	1	LP	LP
PMID_31761904_Individual_NBAS_11	real	NBAS	True	61	1	1	VUS	VUS
PMID_31782611_PT14	real	POGZ	True	61	1	1	LP	LP
PMID_31846209_patient	real	KMT2D	True	61	1	1	LP	LP
PMID_32007091_Patient_1	real	IFT140	True	61	2	1	VUS	VUS
PMID_32154675_Family_4_Patient_10	real	SMAD3	True	61	1	1	VUS	VUS
PMID_32219868_F6_II_1	real	AFG3L2	True	61	2	1	VUS	VUS
PMID_32376980_Patient_14	real	TRAF7	True	61	1	1	VUS	VUS
PMID_32376980_Patient_43	real	TRAF7	True	61	1	1	VUS	VUS
PMID_32710489_Group_1_Patient_7	real	SETD2	False	61	1	4	VUS	VUS
PMID_32765928_Case_1	real	PTPN11	True	61	1	1	LP	LP
PMID_32869508_11_month_old_boy	real	CLDN16	True	61	1	1	VUS	VUS
PMID_33348459_F1_subject_1	real	FDXR	True	62	1	1	VUS	VUS
PMID_33534181_patient	real	SPINK5	True	61	1	1	VUS	VUS
PMID_33688495_IV_2	real	BBS2	True	61	1	1	VUS	VUS
PMID_34206215_case_report	real	POGZ	True	61	1	1	LP	LP
PMID_34490705_III_2	real	TBX5	True	61	1	1	LP	LP
PMID_34521999_Individual_6	real	SON	False	61	2	7	VUS	VUS
PMID_34950897_Patient_10	real	AHDC1	True	61	1	1	VUS	VUS
PMID_35026854_Patient_1	real	NOTCH3	True	61	1	1	VUS	VUS
PMID_35190816_STX_EG1570P	real	STXBP1	False	61	1	1	LP	LP
PMID_35190816_STX_Syrbe_26	real	STXBP1	True	61	2	3	VUS	VUS
PMID_35344616_A16	real	ROR2	True	62	3	2	VUS	VUS
PMID_35812385_Case_Report	real	NHEJ1	True	61	2	2	VUS	VUS
PMID_35962790_Family_C_Individual_4_II_1	real	ADAMTS15	True	61	1	1	VUS	VUS
PMID_36051692_elder_brother	real	FGD1	True	61	1	1	LP	LP
PMID_36074901_Patient_11	real	ATP6V0C	False	61	1	4	VUS	VUS
PMID_36189931_24	real	COL3A1	True	61	1	1	VUS	VUS
PMID_36189931_6	real	COL3A1	True	61	1	1	LP	LP
PMID_36214804_P14	real	KLHL20	True	61	1	1	VUS	VUS
PMID_36307226_Proband_8	real	KCNH5	True	61	1	1	LP	LP
PMID_36387043_Patient_2	real	SON	False	61	1	2	VUS	VUS
PMID_36410285_patient_11	real	EPG5	True	61	7	1	VUS	VUS
PMID_36420349_patient	real	NSUN2	True	61	1	1	VUS	VUS
PMID_36446582_KBG46	real	ANKRD11	False	61	1	1	LP	LP
PMID_36446582_Sirmaci2011_P3_F1_previously_published_Tekin_2004	real	ANKRD11	True	61	1	1	LP	LP
PMID_36553465_P4	real	SLC45A2	True	62	1	2	VUS	VUS
PMID_36917474_Patient_1	real	POLR1A	True	61	1	1	VUS	VUS
PMID_36941667_Proband_M035	real	NOS3	True	61	2	1	VUS	VUS
PMID_36952639_Patient_D1	real	DOCK11	True	61	2	1	VUS	VUS
PMID_37046037_Patient_2	real	FDXR	True	61	1	1	VUS	VUS
PMID_37054711_Family_5_Subject_7	real	INTS11	True	62	2	1	VUS	VUS
PMID_37055165_Individual_F2_1	real	DNA2	True	62	2	1	VUS	VUS
PMID_37071997_Subject_I14	real	SRSF1	True	61	1	1	LP	LP
PMID_37102386_Family_1_Patient_1	real	SPINK5	True	61	1	1	VUS	VUS
PMID_37167966_Individual_F1_II_1	real	HMGCR	True	62	3	2	VUS	VUS
PMID_37196654_Individual_67	real	KDM6B	True	61	1	1	LP	LP
PMID_37256937_Patient_18	real	PSMC3	True	61	1	1	LP	LP
PMID_37256937_Patient_19	real	PSMC3	True	61	1	1	LP	LP
PMID_37260585_5_year_old_girl	real	PTPN11	True	61	1	1	LP	LP
PMID_37342957_Patient_3	real	DOCK11	True	61	1	1	VUS	VUS
PMID_37421948_Individual_2	real	TMEM63B	True	61	3	1	VUS	VUS
PMID_37584719_Patient_P2	real	RFXANK	True	61	1	1	VUS	VUS
PMID_37713809_R0052_II_1	real	AK9	True	62	2	1	VUS	VUS
PMID_37761890_40	real	PPP2R1A	False	61	1	8	VUS	VUS
PMID_37827158_Proband_7	real	DOT1L	True	61	2	1	VUS	VUS
PMID_37833060_Family_D_II_2	real	SGSM3	True	61	3	1	VUS	VUS
PMID_37843397_Patient_UM18	real	LMNA	True	61	1	1	LP	LP
PMID_37907725_Patient_III_8	real	BAG3	True	61	1	1	VUS	VUS
PMID_37951597_Family_3_Subject_1	real	ACBD6	True	61	1	2	VUS	VUS
PMID_37962958_Individual_10	real	U2AF2	False	61	2	7	VUS	VUS
PMID_37962958_Individual_9	real	U2AF2	False	61	1	4	VUS	VUS
PMID_37963460_Family_4_individual_III_2	real	WBP4	True	61	1	1	VUS	VUS
PMID_38158856_Patient_2_Family_II	real	CACHD1	True	62	1	1	VUS	VUS
PMID_38158856_Patient_3_Family_III	real	CACHD1	True	61	1	1	VUS	VUS
PMID_38325380_Patient_2	real	ZFX	True	61	4	1	VUS	VUS
PMID_38411716_Case_4	real	FGD1	True	61	7	1	VUS	VUS
PMID_38413582_Family_8_individual_II_2	real	SNUPN	True	62	1	1	VUS	VUS
PMID_38489591_Family_F_individual_14	real	CST3	True	61	1	1	VUS	VUS
PMID_38509369_P2	real	IL27RA	True	62	1	1	VUS	VUS
PMID_38513146_Patient	real	KLHL20	True	61	1	1	VUS	VUS
PMID_38527963_F2_Case_4	real	RTN2	True	61	1	1	VUS	VUS
PMID_38626355_CSU_150_II2	real	WFDC2	True	61	1	1	VUS	VUS
PMID_38702431_Patient_1	real	MSL2	True	61	1	5	VUS	VUS
PMID_38767059_C2	real	FAM177A1	True	62	1	1	VUS	VUS
PMID_38991538_Individual_12_A0131082	real	RNU4-2	True	61	1	3	VUS	VUS
PMID_38991538_Individual_28_UDN135254	real	RNU4-2	True	61	1	6	VUS	VUS
PMID_39013458_individual_VUSM110012	real	EHMT1	True	61	2	2	VUS	VUS
PMID_39013458_individual_VUSM110014	real	EHMT1	True	61	1	1	VUS	VUS
PMID_39056049_Case_Presentation	real	ZFX	True	61	3	1	VUS	VUS
PMID_39069253_individual_3_Current	real	ZNF462	False	61	1	1	LP	LP
PMID_39419027_P5	real	MARK2	True	61	1	1	VUS	VUS
PMID_39471804_Family_4_Ethiopian_Proband_1	real	WDR83OS	True	61	1	5	VUS	VUS
PMID_39480921_Patient_5	real	TCP1	True	61	1	1	LP	LP
PMID_39507621_patient	real	WWOX	True	61	1	1	VUS	VUS
PMID_39708122_F1_VI_3	real	NAV3	True	61	1	1	VUS	VUS
PMID_39824192_D_D_II_3	real	KICS2	True	61	1	1	VUS	VUS
PMID_39962046_E_V_6	real	SPOUT1	True	61	1	1	VUS	VUS
PMID_39962046_L_II_1	real	SPOUT1	True	61	4	1	VUS	VUS
PMID_40065010_individual_V_31	real	EMD	True	61	1	1	VUS	VUS
PMID_40081376_Individual_16	real	MED16	True	61	2	1	VUS	VUS
PMID_40081376_Individual_22	real	MED16	True	62	1	1	VUS	VUS
PMID_40166812_F1_IV_4	real	RAB3A	True	61	1	1	VUS	VUS
PMID_40210679_I5	real	RNU2-2	True	61	1	2	VUS	VUS
PMID_40215970_F3_II_2	real	FBXO22	True	61	2	9	VUS	VUS
PMID_40267907_Family_4_1	real	UGGT1	True	62	1	1	VUS	VUS
PMID_40420380_Participant_9	real	KDM2B	True	61	2	1	VUS	VUS
PMID_40576023_Family_3_IV_1	real	ELFN1	True	61	1	10	VUS	VUS
PMID_40610405_COL034_1	real	NR6A1	True	61	2	1	VUS	VUS
PMID_40615527_Patient_5	real	CILK1	True	61	1	1	VUS	VUS
PMID_40683276_Family_1_Patient_3	real	RCC1	True	61	2	1	VUS	VUS
PMID_40683276_Family_9_Patient_19	real	RCC1	True	61	3	1	VUS	VUS
PMID_40802951_Patient	real	F8	True	61	1	1	VUS	VUS
PMID_40856104_Participant_1_1	real	TBCB	True	61	2	1	VUS	VUS
PMID_40856104_Participant_9_7	real	TBCB	True	61	2	1	VUS	VUS
PMID_41125872_Pathogenic_19	real	UNC13A	True	61	1	1	VUS	VUS
PMID_41133935_Individual_3	real	BAIAP2	True	61	1	1	VUS	VUS
PMID_41732653_Case_presentation	real	GLB1	True	61	1	1	VUS	VUS
PMID_41912533_Individual_7	real	MAU2	True	61	1	1	LP	LP
PMID_42136190_Case_5	real	AHDC1	True	61	1	1	LP	LP
PMID_7795241_patient_KA	real	NCF2	True	61	1	1	VUS	VUS
PMID_8282779_III_2	real	SLC4A1	True	61	1	1	VUS	VUS
PMID_9106527_Putnam_1997_Patient_P319	real	FBN2	True	61	2	1	VUS	VUS
sim_ABCA4_94031086	sim	ABCA4	True	61	1	2	VUS	VUS
sim_ABCC2_99844406	sim	ABCC2	True	61	1	1	VUS	VUS
sim_ACADVL_7224715	sim	ACADVL	True	61	1	5	VUS	VUS
sim_ACOX1_75960365	sim	ACOX1	True	61	1	1	VUS	VUS
sim_ACTA1_229432190	sim	ACTA1	True	61	1	1	VUS	VUS
sim_ACVRL1_51915483	sim	ACVRL1	True	61	1	1	LP	LP
sim_ADNP_50894171	sim	ADNP	True	61	1	1	LP	LP
sim_AFG2A_123028394	sim	AFG2A	True	61	1	1	VUS	VUS
sim_AGXT_240872978	sim	AGXT	True	61	1	1	VUS	VUS
sim_AIMP2_6023301	sim	AIMP2	True	61	1	6	VUS	VUS
sim_AIP_67490319	sim	AIP	True	61	1	1	VUS	VUS
sim_ALDH7A1_126550241	sim	ALDH7A1	True	61	3	7	VUS	VUS
sim_ALG3_184242643	sim	ALG3	True	61	2	7	VUS	VUS
sim_ALPK1_112427580	sim	ALPK1	True	61	3	1	VUS	VUS
sim_ANKRD11_89284741	sim	ANKRD11	True	61	1	1	LP	LP
sim_APC_112838845	sim	APC	True	61	1	1	VUS	VUS
sim_APOB_21026916	sim	APOB	True	61	1	1	VUS	VUS
sim_ARID2_45893532	sim	ARID2	True	61	1	1	LP	LP
sim_ARSA_50626207	sim	ARSA	True	61	1	1	VUS	VUS
sim_ARX_25013653	sim	ARX	True	61	2	1	VUS	VUS
sim_ATM_108365137	sim	ATM	True	61	1	1	VUS	VUS
sim_AXIN2_65536495	sim	AXIN2	True	61	1	1	VUS	VUS
sim_B4GALNT1_57627680	sim	B4GALNT1	True	61	2	1	VUS	VUS
sim_BAG3_119669873	sim	BAG3	True	61	1	1	VUS	VUS
sim_BBS2_56514529	sim	BBS2	True	61	2	2	VUS	VUS
sim_BCKDHB_80168944	sim	BCKDHB	True	61	2	1	VUS	VUS
sim_BLM_90765334	sim	BLM	True	61	1	1	VUS	VUS
sim_BMPR1A_86921674	sim	BMPR1A	True	61	1	1	LP	LP
sim_BRCA1_43074420	sim	BRCA1	True	61	1	1	VUS	VUS
sim_BRCA2_32332439	sim	BRCA2	True	61	1	1	VUS	VUS
sim_BRIP1_61857057	sim	BRIP1	True	61	1	1	VUS	VUS
sim_BSCL2_62691300	sim	BSCL2	True	61	1	1	VUS	VUS
sim_CAPN1_65183473	sim	CAPN1	True	61	1	1	VUS	VUS
sim_CAPN3_42399631	sim	CAPN3	True	61	1	1	VUS	VUS
sim_CASQ2_115740830	sim	CASQ2	True	61	1	1	VUS	VUS
sim_CASR_122261589	sim	CASR	True	61	2	1	LP	LP
sim_CEP290_88087814	sim	CEP290	True	61	1	1	VUS	VUS
sim_CFTR_117594977	sim	CFTR	True	61	1	1	LP	LP
sim_CLCN5_50088749	sim	CLCN5	True	61	1	1	VUS	VUS
sim_CLN8_1771366	sim	CLN8	True	61	1	1	LP	LP
sim_CNGA3_98396685	sim	CNGA3	True	61	1	1	VUS	VUS
sim_COG5_107412558	sim	COG5	True	61	1	1	VUS	VUS
sim_COL1A1_50197776	sim	COL1A1	True	61	1	1	VUS	VUS
sim_COL2A1_47982106	sim	COL2A1	True	61	1	1	LP	LP
sim_COL4A1_110183002	sim	COL4A1	True	61	1	1	VUS	VUS
sim_COL4A4_227088721	sim	COL4A4	True	61	1	2	VUS	VUS
sim_COL4A5_108694806	sim	COL4A5	True	61	1	1	LP	LP
sim_COL6A1_45990257	sim	COL6A1	True	61	1	1	VUS	VUS
sim_COL7A1_48595159	sim	COL7A1	True	61	2	5	VUS	VUS
sim_COQ6_73953457	sim	COQ6	True	61	1	5	VUS	VUS
sim_CPLANE1_37206334	sim	CPLANE1	True	61	1	1	VUS	VUS
sim_CPS1_210556736	sim	CPS1	True	61	1	1	VUS	VUS
sim_CP_149185402	sim	CP	True	61	1	1	VUS	VUS
sim_CTSC_88337577	sim	CTSC	True	61	1	1	VUS	VUS
sim_CYB5R3_42623814	sim	CYB5R3	True	61	1	1	VUS	VUS
sim_CYBB_37801319	sim	CYBB	True	61	1	1	LP	LP
sim_CYP27A1_218812923	sim	CYP27A1	True	61	1	1	VUS	VUS
sim_DLD_107893263	sim	DLD	True	61	1	1	LP	LP
sim_DMD_32645026	sim	DMD	True	61	1	1	LP	LP
sim_DNAH11_21637702	sim	DNAH11	True	61	1	1	VUS	VUS
sim_DST_56620650	sim	DST	True	61	3	1	VUS	VUS
sim_DYNC1H1_101980380	sim	DYNC1H1	True	61	2	1	VUS	VUS
sim_DYNC2H1_103257606	sim	DYNC2H1	True	61	2	1	VUS	VUS
sim_DYSF_71553016	sim	DYSF	True	61	1	1	VUS	VUS
sim_EDA_70035424	sim	EDA	True	61	1	1	LP	LP
sim_EIF2AK3_88588760	sim	EIF2AK3	True	61	1	1	VUS	VUS
sim_EIF2AK4_40020929	sim	EIF2AK4	True	61	1	1	VUS	VUS
sim_ENG_127854288	sim	ENG	True	61	1	1	VUS	VUS
sim_ENPP1_131852191	sim	ENPP1	True	61	1	1	VUS	VUS
sim_F8_154957009	sim	F8	True	61	3	1	VUS	VUS
sim_F9_139530852	sim	F9	True	61	2	1	VUS	VUS
sim_FAH_80158091	sim	FAH	True	61	1	1	VUS	VUS
sim_FANCA_89765027	sim	FANCA	True	61	1	1	VUS	VUS
sim_FBN1_48513591	sim	FBN1	True	61	1	1	LP	LP
sim_FGFR2_121517316	sim	FGFR2	True	61	1	1	VUS	VUS
sim_FLCN_17224119	sim	FLCN	True	61	1	1	VUS	VUS
sim_FLNA_154367685	sim	FLNA	True	61	1	1	LP	LP
sim_FOXG1_28767985	sim	FOXG1	True	61	1	1	LP	LP
sim_FOXP1_70977665	sim	FOXP1	True	61	1	1	VUS	VUS
sim_G6PD_154532399	sim	G6PD	True	61	1	1	LP	LP
sim_GAA_80105895	sim	GAA	True	61	1	1	VUS	VUS
sim_GJB2_20189077	sim	GJB2	True	61	2	1	VUS	VUS
sim_GLA_101403899	sim	GLA	True	61	1	1	LP	LP
sim_GNAS_58895683	sim	GNAS	True	61	1	1	LP	LP
sim_GNPTAB_101766103	sim	GNPTAB	True	61	1	1	VUS	VUS
sim_GUCY2D_8012489	sim	GUCY2D	True	61	1	1	VUS	VUS
sim_HPGD_174508699	sim	HPGD	True	61	4	1	VUS	VUS
sim_HPS4_26457963	sim	HPS4	True	61	1	1	VUS	VUS
sim_IDUA_1003035	sim	IDUA	True	61	1	1	VUS	VUS
sim_IFIH1_162281369	sim	IFIH1	True	61	1	1	VUS	VUS
sim_IFT140_1586129	sim	IFT140	False	61	1	5	VUS	VUS
sim_IL2RG_71108696	sim	IL2RG	True	61	1	1	VUS	VUS
sim_IL7R_35873503	sim	IL7R	True	61	1	1	VUS	VUS
sim_IQSEC1_12936054	sim	IQSEC1	True	61	1	1	VUS	VUS
sim_IRF2BPL_77025749	sim	IRF2BPL	True	61	1	1	VUS	VUS
sim_ITGB3_47284646	sim	ITGB3	True	61	1	1	VUS	VUS
sim_IVD_40407973	sim	IVD	True	61	1	1	VUS	VUS
sim_JAK3_17836001	sim	JAK3	True	61	1	1	VUS	VUS
sim_KMT2D_49041174	sim	KMT2D	True	61	1	1	LP	LP
sim_KRIT1_92221901	sim	KRIT1	True	61	1	1	VUS	VUS
sim_LAMB3_209625919	sim	LAMB3	True	61	2	1	VUS	VUS
sim_LDLRAP1_25557238	sim	LDLRAP1	True	61	1	1	VUS	VUS
sim_LDLR_11123209	sim	LDLR	True	61	1	1	VUS	VUS
sim_LMNA_156134457	sim	LMNA	True	61	2	1	LP	LP
sim_LRBA_150302705	sim	LRBA	True	61	1	1	VUS	VUS
sim_MC2R_13885298	sim	MC2R	True	61	2	1	VUS	VUS
sim_MEN1_64806312	sim	MEN1	True	61	1	7	VUS	VUS
sim_MLC1_50064150	sim	MLC1	True	61	1	1	VUS	VUS
sim_MLH1_36996709	sim	MLH1	False	61	1	2	VUS	VUS
sim_MMADHC_149576482	sim	MMADHC	True	61	1	1	VUS	VUS
sim_MMUT_49431802	sim	MMUT	True	61	1	1	VUS	VUS
sim_MOCS1_39909956	sim	MOCS1	True	61	1	1	VUS	VUS
sim_MPZ_161306414	sim	MPZ	True	61	1	1	LP	LP
sim_MSH3_80864827	sim	MSH3	True	61	1	1	VUS	VUS
sim_MSH6_47783495	sim	MSH6	True	61	1	1	VUS	VUS
sim_MUSK_110747795	sim	MUSK	True	61	1	1	VUS	VUS
sim_MYBPC3_47343491	sim	MYBPC3	True	61	1	1	VUS	VUS
sim_MYO7A_77156969	sim	MYO7A	True	61	1	1	VUS	VUS
sim_NAGLU_42543952	sim	NAGLU	True	61	2	1	VUS	VUS
sim_NDUFV1_67611045	sim	NDUFV1	False	61	1	2	VUS	VUS
sim_NF1_31259104	sim	NF1	True	61	1	1	VUS	VUS
sim_NHS_17724370	sim	NHS	True	61	1	1	LP	LP
sim_NMNAT1_9975721	sim	NMNAT1	True	61	1	1	VUS	VUS
sim_NOD2_50710912	sim	NOD2	True	61	2	1	VUS	VUS
sim_NOTCH2_119915524	sim	NOTCH2	True	61	1	1	LP	LP
sim_P3H1_42759345	sim	P3H1	True	61	1	1	VUS	VUS
sim_PAH_102855283	sim	PAH	True	61	1	1	VUS	VUS
sim_PEX1_92517731	sim	PEX1	True	61	1	1	VUS	VUS
sim_PEX26_18079896	sim	PEX26	True	61	1	1	VUS	VUS
sim_PEX5_7208533	sim	PEX5	True	61	1	1	VUS	VUS
sim_PEX7_136846177	sim	PEX7	True	61	1	1	VUS	VUS
sim_PHEX_22096976	sim	PHEX	True	61	1	1	VUS	VUS
sim_PHYH_13294465	sim	PHYH	True	61	1	1	VUS	VUS
sim_PKD1_2092074	sim	PKD1	True	61	1	3	VUS	VUS
sim_PKD2_88046731	sim	PKD2	True	61	1	1	VUS	VUS
sim_PKHD1_51748531	sim	PKHD1	True	61	1	1	VUS	VUS
sim_PMS2_6003745	sim	PMS2	True	61	1	1	VUS	VUS
sim_POLG_89317509	sim	POLG	True	61	1	1	VUS	VUS
sim_PRKAG2_151560610	sim	PRKAG2	True	61	1	1	VUS	VUS
sim_PTEN_87894051	sim	PTEN	True	61	1	1	LP	LP
sim_PURA_140114611	sim	PURA	True	61	2	1	LP	LP
sim_PYGL_50917046	sim	PYGL	True	61	1	1	VUS	VUS
sim_RMND1_151405787	sim	RMND1	True	61	1	1	VUS	VUS
sim_RP2_46853823	sim	RP2	True	61	1	1	VUS	VUS
sim_RPE65_68431116	sim	RPE65	True	61	1	1	VUS	VUS
sim_RPGRIP1L_53619022	sim	RPGRIP1L	True	61	1	1	VUS	VUS
sim_RPGRIP1_21324876	sim	RPGRIP1	True	61	1	1	VUS	VUS
sim_RPGR_38285901	sim	RPGR	True	61	1	1	VUS	VUS
sim_RS1_18642011	sim	RS1	True	61	2	1	VUS	VUS
sim_RSPH3_158986423	sim	RSPH3	True	61	1	1	VUS	VUS
sim_RTEL1_63690945	sim	RTEL1	True	61	1	1	VUS	VUS
sim_RUNX1_34792544	sim	RUNX1	True	61	1	1	VUS	VUS
sim_RYR1_38502879	sim	RYR1	True	61	1	1	VUS	VUS
sim_SATB2_199328880	sim	SATB2	True	61	1	1	VUS	VUS
sim_SCN9A_166284785	sim	SCN9A	True	61	1	1	VUS	VUS
sim_SEPSECS_25156036	sim	SEPSECS	True	61	1	1	VUS	VUS
sim_SERPINC1_173914725	sim	SERPINC1	True	61	1	1	VUS	VUS
sim_SGCG_23203780	sim	SGCG	True	61	1	1	VUS	VUS
sim_SHOX_640851	sim	SHOX	True	61	1	1	LP	LP
sim_SKIC2_31960665	sim	SKIC2	True	61	1	1	VUS	VUS
sim_SKIC3_95520812	sim	SKIC3	True	61	1	1	VUS	VUS
sim_SLC12A1_48244863	sim	SLC12A1	True	61	1	1	VUS	VUS
sim_SLC16A2_74421791	sim	SLC16A2	True	61	1	1	LP	LP
sim_SLC22A5_132387045	sim	SLC22A5	True	61	1	1	VUS	VUS
sim_SLC25A24_108157482	sim	SLC25A24	True	61	1	1	VUS	VUS
sim_SLC5A7_108006203	sim	SLC5A7	True	61	1	1	VUS	VUS
sim_SLC6A1_11017934	sim	SLC6A1	True	61	1	1	LP	LP
sim_SLC6A8_153693908	sim	SLC6A8	True	61	1	1	VUS	VUS
sim_SMARCA4_11033308	sim	SMARCA4	True	61	1	1	LP	LP
sim_SMPD1_6393278	sim	SMPD1	True	61	2	2	VUS	VUS
sim_SOS1_39058696	sim	SOS1	True	61	2	1	VUS	VUS
sim_SOX5_23563269	sim	SOX5	True	61	1	1	LP	LP
sim_SPAST_32126960	sim	SPAST	True	61	1	1	VUS	VUS
sim_SPG7_89531960	sim	SPG7	True	61	1	1	VUS	VUS
sim_SPR_72888521	sim	SPR	True	61	1	1	VUS	VUS
sim_SPTBN2_66708184	sim	SPTBN2	True	61	1	1	VUS	VUS
sim_STK11_1220434	sim	STK11	True	61	1	1	VUS	VUS
sim_SYNGAP1_33443726	sim	SYNGAP1	True	61	1	1	LP	LP
sim_TCOF1_150374812	sim	TCOF1	True	61	1	1	LP	LP
sim_TK2_66531394	sim	TK2	True	61	1	1	VUS	VUS
sim_TMPRSS15_18294269	sim	TMPRSS15	True	61	1	1	VUS	VUS
sim_TNXB_32043894	sim	TNXB	True	61	1	1	VUS	VUS
sim_TP53_7675989	sim	TP53	True	61	1	1	VUS	VUS
sim_TRMT10A_99558204	sim	TRMT10A	True	61	1	1	VUS	VUS
sim_TRMU_46352276	sim	TRMU	True	61	1	1	VUS	VUS
sim_TSC1_132921406	sim	TSC1	True	61	1	1	LP	LP
sim_TSC2_2079324	sim	TSC2	True	61	1	1	P	P
sim_TTN_178562959	sim	TTN	True	61	1	1	VUS	VUS
sim_TUBA1A_49186416	sim	TUBA1A	True	61	1	1	VUS	VUS
sim_UMOD_20349071	sim	UMOD	True	61	1	1	VUS	VUS
sim_UNC13D_75844220	sim	UNC13D	True	61	1	1	VUS	VUS
sim_VDR_47844994	sim	VDR	True	61	1	1	VUS	VUS
sim_VHL_10142025	sim	VHL	True	61	1	1	VUS	VUS
sim_VPS13A_77260123	sim	VPS13A	True	61	1	1	VUS	VUS
sim_WRN_31087830	sim	WRN	True	61	1	1	VUS	VUS
sim_ZBTB18_244054943	sim	ZBTB18	True	61	1	1	LP	LP
sim_ZBTB20;ZBTB20-AS1_114350284	sim	ZBTB20;ZBTB20-AS1	False	61	1	1	VUS	VUS
sim_ZBTB20_114339358	sim	ZBTB20	True	61	1	1	VUS	VUS
sim_ZEB2_144396585	sim	ZEB2	True	61	1	1	LP	LP
sim_ZFYVE26_67780282	sim	ZFYVE26	True	61	1	2	VUS	VUS
